,baseline_run,gpt4o_run,Difference
faithfulness,0.6876543209876543,0.6873600936100936,-0.0002942273775606852
answer_relevancy,0.9784687480572091,0.8649293126949746,-0.11353943536223443
context_precision,0.831172839475913,0.8712962962649305,0.04012345678901752
context_recall,0.9259259259259258,0.9259259259259258,0.0
answer_correctness,0.6377842610754443,0.5502524934489457,-0.08753176762649861
answer_similarity,0.948604744644044,0.9230136088013821,-0.025591135842661927
