,baseline_run,hybrid_run,Difference
faithfulness,0.6876543209876543,0.7955687830687831,0.10791446208112876
answer_relevancy,0.9784687480572091,0.975092252028889,-0.0033764960283200196
context_precision,0.831172839475913,0.8989184933037804,0.06774565382786735
context_recall,0.9259259259259258,0.9259259259259258,0.0
answer_correctness,0.6377842610754443,0.6512989471784412,0.013514686102996887
answer_similarity,0.948604744644044,0.9557408150429194,0.007136070398875427
