,baseline_run,hybrid3070_run,Difference
faithfulness,0.6876543209876543,0.7336080586080586,0.04595373762040422
answer_relevancy,0.9784687480572091,0.9713747500735774,-0.007093997983631639
context_precision,0.831172839475913,0.8421957671730341,0.011022927697121099
context_recall,0.9259259259259258,0.9611111111111111,0.03518518518518532
answer_correctness,0.6377842610754443,0.6524515222413901,0.014667261165945855
answer_similarity,0.948604744644044,0.9551052058706753,0.006500461226631282
