,baseline_run,recursive_run,Difference
faithfulness,0.6876543209876543,0.7496773288439954,0.06202300785634107
answer_relevancy,0.9784687480572091,0.9774966685173891,-0.0009720795398199256
context_precision,0.831172839475913,0.9375771604551615,0.10640432097924846
context_recall,0.9259259259259258,0.9398148148148147,0.01388888888888884
answer_correctness,0.6377842610754443,0.6687977160604855,0.031013454985041267
answer_similarity,0.948604744644044,0.9535767166619276,0.004971972017883575
