,baseline_run,tifin_eval_run,Difference
faithfulness,0.6573242035742035,0.7149404761904762,0.05761627261627267
answer_relevancy,0.9697066162860969,0.8776837798467021,-0.0920228364393948
