,baseline_run,ult_combo_run,Difference
faithfulness,0.6876543209876543,0.757084736251403,0.06943041526374871
answer_relevancy,0.9784687480572091,0.9725308158846909,-0.0059379321725181455
context_precision,0.831172839475913,0.8568044532462036,0.02563161377029055
context_recall,0.9259259259259258,0.9814814814814814,0.05555555555555558
answer_correctness,0.6377842610754443,0.6673869942288732,0.029602733153428873
answer_similarity,0.948604744644044,0.9569791174557144,0.008374372811670416
